Row ID,Source Document,Source Page,Source Table,Source Row,Evidence Reference
1,MMS-2024-07-Maintenance_Manual.pdf,1,T-01,1,MMS-2024-07-Maintenance_Manual.pdf#p1tT-01r1
2,MMS-2024-07-Maintenance_Manual.pdf,1,T-01,2,MMS-2024-07-Maintenance_Manual.pdf#p1tT-01r2
3,MMS-2024-07-Maintenance_Manual.pdf,1,T-01,3,MMS-2024-07-Maintenance_Manual.pdf#p1tT-01r3
4,MMS-2024-07-Maintenance_Manual.pdf,1,T-01,4,MMS-2024-07-Maintenance_Manual.pdf#p1tT-01r4
5,MMS-2024-07-Maintenance_Manual.pdf,1,T-01,5,MMS-2024-07-Maintenance_Manual.pdf#p1tT-01r5
6,MMS-2024-07-Maintenance_Manual.pdf,2,T-02,0,MMS-2024-07-Maintenance_Manual.pdf#p2tT-02r0
7,MMS-2024-07-Maintenance_Manual.pdf,2,T-02,1,MMS-2024-07-Maintenance_Manual.pdf#p2tT-02r1
8,MMS-2024-07-Maintenance_Manual.pdf,3,T-03,0,MMS-2024-07-Maintenance_Manual.pdf#p3tT-03r0
9,MMS-2024-07-Maintenance_Manual.pdf,4,T-04,0,MMS-2024-07-Maintenance_Manual.pdf#p4tT-04r0
10,MMS-2024-07-Maintenance_Manual.pdf,5,T-05,0,MMS-2024-07-Maintenance_Manual.pdf#p5tT-05r0
11,MMS-2024-07-Maintenance_Manual.pdf,5,T-05,1,MMS-2024-07-Maintenance_Manual.pdf#p5tT-05r1
12,MMS-2024-07-Maintenance_Manual.pdf,5,T-05,2,MMS-2024-07-Maintenance_Manual.pdf#p5tT-05r2
13,MMS-2024-07-Maintenance_Manual.pdf,6,T-06,0,MMS-2024-07-Maintenance_Manual.pdf#p6tT-06r0
14,MMS-2024-07-Maintenance_Manual.pdf,6,T-06,1,MMS-2024-07-Maintenance_Manual.pdf#p6tT-06r1
15,MMS-2024-07-Maintenance_Manual.pdf,6,T-06,2,MMS-2024-07-Maintenance_Manual.pdf#p6tT-06r2